Comprobante_Ref,ID_Producto,Cantidad,Precio_Unitario,Subtotal
Boleta-BO01-500,477,5,11.48,57.4
Boleta-BO01-500,376,2,92.36,184.72
Boleta-BO01-500,724,1,50.77,50.77
Factura-FA01-400,142,3,27.59,82.77
Factura-FA01-400,117,4,7.78,31.12
Factura-FA01-401,772,2,59.24,118.48
Factura-FA01-401,921,3,9.86,29.58
Boleta-BO01-501,284,1,28.56,28.56
Boleta-BO01-501,355,4,22.64,90.56
Boleta-BO01-501,542,1,94.98,94.98
Boleta-BO01-501,548,5,31.24,156.2
Boleta-BO01-502,636,3,107.74,323.22
Boleta-BO01-502,711,1,45.01,45.01
Boleta-BO01-502,908,4,13.84,55.36
Boleta-BO01-502,401,2,115.63,231.26
Boleta-BO01-503,112,2,31.55,63.1
Boleta-BO01-504,509,2,55.19,110.38
Boleta-BO01-504,535,1,2.78,2.78
Boleta-BO01-505,486,3,81.61,244.83
Boleta-BO01-505,757,1,19.73,19.73
Boleta-BO01-506,23,2,54.44,108.88
Boleta-BO01-507,422,5,30.96,154.8
Boleta-BO01-507,663,3,96.21,288.63
Boleta-BO01-507,684,5,85.03,425.15
Boleta-BO01-508,469,3,17.82,53.46
Boleta-BO01-508,921,3,8.99,26.97
Boleta-BO01-508,267,2,26.78,53.56
Boleta-BO01-508,297,1,34.39,34.39
Factura-FA01-402,467,2,14.3,28.6
Factura-FA01-402,165,5,18.85,94.25
Factura-FA01-402,181,2,27.04,54.08
Boleta-BO01-509,43,3,219.07,657.21
Factura-FA01-403,267,3,24.63,73.89
Factura-FA01-403,577,1,100.86,100.86
Factura-FA01-403,354,2,9.16,18.32
Factura-FA01-403,555,2,28.45,56.9
Boleta-BO01-510,26,4,110.68,442.72
Boleta-BO01-511,470,3,13.69,41.07
Boleta-BO01-511,758,5,76.92,384.6
Boleta-BO01-512,663,3,95.9,287.7
Boleta-BO01-512,297,5,39.64,198.2
Boleta-BO01-512,821,5,92.27,461.35
Boleta-BO01-513,347,1,42.17,42.17
Boleta-BO01-513,923,1,62.0,62.0
Boleta-BO01-513,566,1,15.21,15.21
Boleta-BO01-513,413,5,76.24,381.2
Boleta-BO01-514,366,1,33.27,33.27
Boleta-BO01-514,624,2,11.93,23.86
Boleta-BO01-514,228,3,5.24,15.72
Boleta-BO01-514,86,5,208.06,1040.3
Factura-FA01-404,525,4,71.78,287.12
Boleta-BO01-515,618,5,2.8,14.0
Boleta-BO01-515,58,3,211.91,635.73
Boleta-BO01-515,736,4,34.47,137.88
Factura-FA01-405,13,3,100.05,300.15
Factura-FA01-405,317,4,16.37,65.48
Factura-FA01-405,91,2,14.22,28.44
Boleta-BO01-516,760,4,67.5,270.0
Boleta-BO01-516,296,2,8.58,17.16
Boleta-BO01-516,922,4,15.9,63.6
Boleta-BO01-516,426,2,37.26,74.52
Boleta-BO01-517,148,2,20.67,41.34
Boleta-BO01-518,68,5,159.73,798.65
Boleta-BO01-518,92,1,30.42,30.42
Boleta-BO01-518,282,4,38.32,153.28
Factura-FA01-406,728,5,73.22,366.1
Factura-FA01-406,141,2,20.33,40.66
Factura-FA01-406,392,3,88.34,265.02
Factura-FA01-406,44,3,68.47,205.41
Factura-FA01-407,506,5,25.6,128.0
Factura-FA01-407,230,1,40.43,40.43
Factura-FA01-407,158,3,21.54,64.62
Boleta-BO01-519,128,3,14.29,42.87
Boleta-BO01-519,505,2,61.11,122.22
Boleta-BO01-519,786,3,60.85,182.55
Boleta-BO01-519,69,5,45.96,229.8
Boleta-BO01-520,580,4,75.3,301.2
Boleta-BO01-520,645,4,48.53,194.12
Boleta-BO01-520,840,1,48.65,48.65
Boleta-BO01-520,753,5,19.32,96.6
Boleta-BO01-521,167,5,9.34,46.7
Boleta-BO01-521,329,4,12.02,48.08
Boleta-BO01-521,139,3,9.88,29.64
Boleta-BO01-522,370,4,30.58,122.32
Boleta-BO01-522,365,1,31.32,31.32
Boleta-BO01-522,545,1,25.55,25.55
Factura-FA01-408,784,1,33.99,33.99
Factura-FA01-408,172,5,16.89,84.45
Boleta-BO01-523,847,3,93.85,281.55
Boleta-BO01-523,715,3,99.55,298.65
Boleta-BO01-523,594,3,90.72,272.16
Boleta-BO01-524,141,5,20.89,104.45
Factura-FA01-409,422,3,35.94,107.82
Factura-FA01-409,167,1,9.79,9.79
Factura-FA01-409,518,2,71.28,142.56
Factura-FA01-409,818,5,87.95,439.75
Boleta-BO01-525,428,4,53.38,213.52
Boleta-BO01-526,839,2,21.1,42.2
Factura-FA01-410,357,3,18.1,54.3
Factura-FA01-410,143,4,11.71,46.84
Factura-FA01-410,614,5,21.43,107.15
Factura-FA01-410,352,2,21.35,42.7
Boleta-BO01-527,763,1,21.35,21.35
Boleta-BO01-528,705,2,71.58,143.16
Boleta-BO01-528,215,2,33.65,67.3
Factura-FA01-411,708,1,52.23,52.23
Factura-FA01-411,795,4,104.59,418.36
Factura-FA01-411,44,2,56.29,112.58
Factura-FA01-411,816,5,100.57,502.85
Boleta-BO01-529,122,3,22.67,68.01
Boleta-BO01-529,310,1,41.95,41.95
Boleta-BO01-529,804,1,118.65,118.65
Boleta-BO01-529,212,5,44.63,223.15
Boleta-BO01-530,687,3,32.52,97.56
Boleta-BO01-530,150,3,8.75,26.25
Boleta-BO01-531,361,2,42.48,84.96
Boleta-BO01-531,801,5,84.73,423.65
Boleta-BO01-531,585,1,37.72,37.72
Boleta-BO01-532,542,2,101.26,202.52
Boleta-BO01-533,176,5,8.17,40.85
Boleta-BO01-533,744,1,105.51,105.51
Boleta-BO01-533,518,4,63.16,252.64
Boleta-BO01-534,451,1,10.14,10.14
Boleta-BO01-534,364,4,15.97,63.88
Boleta-BO01-535,418,1,19.86,19.86
Boleta-BO01-535,322,1,9.16,9.16
Boleta-BO01-536,508,3,20.8,62.4
Boleta-BO01-536,572,1,15.69,15.69
Factura-FA01-412,119,4,19.43,77.72
Factura-FA01-412,616,3,7.76,23.28
Factura-FA01-412,864,4,109.71,438.84
Factura-FA01-412,419,3,49.89,149.67
Factura-FA01-413,194,1,39.54,39.54
Factura-FA01-413,823,4,92.53,370.12
Factura-FA01-413,378,2,56.47,112.94
Factura-FA01-413,693,4,34.99,139.96
Factura-FA01-414,449,5,5.88,29.4
Factura-FA01-414,88,1,17.08,17.08
Factura-FA01-414,412,5,64.78,323.9
Factura-FA01-414,763,2,20.38,40.76
Boleta-BO01-537,347,2,40.73,81.46
Boleta-BO01-537,415,1,75.29,75.29
Boleta-BO01-538,743,4,88.65,354.6
Boleta-BO01-538,731,5,93.66,468.3
Boleta-BO01-538,777,4,29.66,118.64
Boleta-BO01-538,683,5,63.29,316.45
Factura-FA01-415,524,3,19.5,58.5
Factura-FA01-415,466,1,14.3,14.3
Factura-FA01-415,503,4,79.63,318.52
Factura-FA01-415,138,1,7.57,7.57
Factura-FA01-416,851,1,85.98,85.98
Boleta-BO01-539,184,4,12.29,49.16
Factura-FA01-417,157,3,37.84,113.52
Factura-FA01-417,99,1,33.29,33.29
Factura-FA01-417,535,4,3.17,12.68
Boleta-BO01-540,301,4,14.45,57.8
Boleta-BO01-540,268,5,41.93,209.65
Boleta-BO01-541,783,1,76.88,76.88
Factura-FA01-418,393,4,37.4,149.6
Boleta-BO01-542,454,4,14.63,58.52
Boleta-BO01-542,182,5,25.55,127.75
Boleta-BO01-542,801,3,100.32,300.96
Boleta-BO01-542,169,4,34.89,139.56
Factura-FA01-419,733,4,100.24,400.96
Factura-FA01-419,113,5,28.94,144.7
Factura-FA01-419,677,5,63.11,315.55
Boleta-BO01-543,488,5,18.54,92.7
Boleta-BO01-543,520,1,85.72,85.72
Boleta-BO01-543,508,5,22.2,111.0
Boleta-BO01-543,635,3,80.63,241.89
Factura-FA01-420,329,1,9.55,9.55
Factura-FA01-420,47,2,52.38,104.76
Factura-FA01-420,360,5,33.88,169.4
Boleta-BO01-544,390,1,18.58,18.58
Boleta-BO01-544,366,4,33.51,134.04
Boleta-BO01-544,680,2,61.64,123.28
Boleta-BO01-545,607,1,70.66,70.66
Boleta-BO01-545,68,3,134.15,402.45
Boleta-BO01-545,175,1,6.33,6.33
Boleta-BO01-546,472,4,15.13,60.52
Boleta-BO01-547,274,1,21.42,21.42
Boleta-BO01-547,604,1,83.43,83.43
Boleta-BO01-547,388,5,105.67,528.35
Boleta-BO01-547,589,1,73.93,73.93
Boleta-BO01-548,708,2,56.29,112.58
Boleta-BO01-549,171,5,29.94,149.7
Boleta-BO01-549,448,2,14.19,28.38
Boleta-BO01-549,870,1,109.92,109.92
Boleta-BO01-550,295,3,19.68,59.04
Boleta-BO01-550,589,4,73.86,295.44
Boleta-BO01-551,735,5,27.09,135.45
Boleta-BO01-552,280,1,11.75,11.75
Boleta-BO01-552,545,4,24.96,99.84
Boleta-BO01-552,357,1,17.92,17.92
Factura-FA01-421,517,3,19.4,58.2
Factura-FA01-421,554,3,38.74,116.22
Factura-FA01-421,412,3,59.38,178.14
Factura-FA01-422,688,5,26.91,134.55
Factura-FA01-422,20,5,150.02,750.1
Factura-FA01-422,592,4,84.32,337.28
Factura-FA01-422,847,4,93.76,375.04
Boleta-BO01-553,580,1,68.97,68.97
Boleta-BO01-553,374,4,57.69,230.76
Boleta-BO01-553,155,3,24.16,72.48
Boleta-BO01-553,423,3,41.53,124.59
Boleta-BO01-554,650,2,17.09,34.18
Boleta-BO01-555,844,3,33.29,99.87
Boleta-BO01-555,263,5,52.35,261.75
Boleta-BO01-555,245,1,8.99,8.99
Factura-FA01-423,252,3,45.15,135.45
Factura-FA01-424,433,1,48.96,48.96
Factura-FA01-424,280,2,10.1,20.2
Factura-FA01-424,811,3,58.54,175.62
Factura-FA01-424,181,1,33.41,33.41
Boleta-BO01-556,802,1,73.99,73.99
Boleta-BO01-556,920,1,58.06,58.06
Boleta-BO01-556,306,1,21.15,21.15
Boleta-BO01-556,418,3,19.42,58.26
Factura-FA01-425,407,2,83.2,166.4
Factura-FA01-426,535,5,3.29,16.45
Boleta-BO01-557,509,1,46.67,46.67
Boleta-BO01-557,126,3,11.28,33.84
Boleta-BO01-557,601,4,54.82,219.28
Boleta-BO01-558,434,2,47.3,94.6
Boleta-BO01-558,180,2,9.47,18.94
Boleta-BO01-559,419,3,48.45,145.35
Boleta-BO01-559,58,4,219.8,879.2
Boleta-BO01-559,719,1,73.07,73.07
Boleta-BO01-559,436,4,61.1,244.4
Boleta-BO01-560,901,2,28.37,56.74
Boleta-BO01-560,733,3,109.19,327.57
Boleta-BO01-560,22,5,133.72,668.6
Boleta-BO01-561,708,2,54.98,109.96
Boleta-BO01-562,317,3,16.48,49.44
Boleta-BO01-562,703,1,112.76,112.76
Boleta-BO01-562,243,4,46.41,185.64
Boleta-BO01-562,405,3,49.76,149.28
Factura-FA01-427,305,2,28.67,57.34
Factura-FA01-427,165,4,20.7,82.8
Boleta-BO01-563,809,1,109.58,109.58
Boleta-BO01-563,83,4,43.54,174.16
Boleta-BO01-563,424,3,42.97,128.91
Boleta-BO01-563,901,1,31.99,31.99
Boleta-BO01-564,519,1,52.31,52.31
Boleta-BO01-564,618,5,2.97,14.85
Boleta-BO01-564,465,1,18.73,18.73
Boleta-BO01-565,646,4,36.58,146.32
Boleta-BO01-565,140,1,8.22,8.22
Boleta-BO01-566,322,5,8.21,41.05
Boleta-BO01-566,162,2,20.79,41.58
Boleta-BO01-566,789,2,34.59,69.18
Boleta-BO01-567,812,3,76.47,229.41
Boleta-BO01-567,896,2,16.81,33.62
Boleta-BO01-567,704,5,114.72,573.6
Boleta-BO01-567,821,3,79.98,239.94
Boleta-BO01-568,377,2,115.57,231.14
Boleta-BO01-568,388,5,100.86,504.3
Boleta-BO01-568,24,5,120.55,602.75
Boleta-BO01-568,645,2,47.75,95.5
Boleta-BO01-569,204,3,24.01,72.03
Boleta-BO01-569,173,1,6.76,6.76
Boleta-BO01-569,442,5,7.15,35.75
Boleta-BO01-569,92,3,28.43,85.29
Boleta-BO01-570,15,5,115.12,575.6
Boleta-BO01-571,848,4,29.09,116.36
Boleta-BO01-571,731,2,83.84,167.68
Boleta-BO01-571,885,3,57.48,172.44
Boleta-BO01-571,507,4,39.98,159.92
Boleta-BO01-572,615,2,23.43,46.86
Boleta-BO01-572,290,2,25.56,51.12
Factura-FA01-428,812,2,67.74,135.48
Factura-FA01-428,269,2,20.61,41.22
Factura-FA01-428,932,2,34.39,68.78
Factura-FA01-428,702,4,15.09,60.36
Factura-FA01-429,137,3,14.41,43.23
Factura-FA01-429,409,2,42.82,85.64
Factura-FA01-429,728,4,72.87,291.48
Factura-FA01-429,264,1,36.13,36.13
Boleta-BO01-573,54,3,162.19,486.57
Boleta-BO01-574,931,3,7.49,22.47
Boleta-BO01-574,687,5,39.26,196.3
Boleta-BO01-574,831,1,33.67,33.67
Boleta-BO01-574,517,5,19.13,95.65
Boleta-BO01-575,688,3,26.53,79.59
Boleta-BO01-575,915,5,26.33,131.65
Boleta-BO01-575,184,3,10.9,32.7
Boleta-BO01-575,506,3,26.48,79.44
Boleta-BO01-576,92,3,32.92,98.76
Boleta-BO01-576,445,2,13.09,26.18
Boleta-BO01-577,46,2,53.34,106.68
Boleta-BO01-577,856,3,66.24,198.72
Boleta-BO01-577,442,3,8.46,25.38
Factura-FA01-430,628,3,3.75,11.25
Factura-FA01-430,447,2,7.06,14.12
Factura-FA01-430,505,2,70.94,141.88
Boleta-BO01-578,55,2,157.66,315.32
Boleta-BO01-578,237,2,11.37,22.74
Boleta-BO01-578,269,2,21.08,42.16
Boleta-BO01-578,450,1,5.64,5.64
Boleta-BO01-579,42,4,168.53,674.12
Boleta-BO01-579,728,5,68.28,341.4
Boleta-BO01-579,506,1,26.28,26.28
Boleta-BO01-579,891,2,18.53,37.06
Boleta-BO01-580,209,3,39.88,119.64
Boleta-BO01-581,768,5,69.05,345.25
Boleta-BO01-581,577,5,89.19,445.95
Boleta-BO01-582,539,5,18.09,90.45
Boleta-BO01-583,253,4,38.75,155.0
Boleta-BO01-584,27,3,68.51,205.53
Boleta-BO01-584,698,1,96.83,96.83
Boleta-BO01-584,606,1,28.54,28.54
Boleta-BO01-585,30,1,98.22,98.22
Boleta-BO01-585,726,4,67.75,271.0
Factura-FA01-431,609,1,56.48,56.48
Factura-FA01-431,45,5,29.83,149.15
Factura-FA01-431,334,5,4.35,21.75
Boleta-BO01-586,821,3,82.87,248.61
Boleta-BO01-587,762,1,103.62,103.62
Boleta-BO01-588,95,4,17.64,70.56
Boleta-BO01-588,247,4,31.82,127.28
Boleta-BO01-588,875,2,97.19,194.38
Boleta-BO01-588,801,4,85.77,343.08
Factura-FA01-432,124,3,30.59,91.77
Factura-FA01-432,444,3,12.96,38.88
Boleta-BO01-589,368,1,4.91,4.91
Boleta-BO01-589,526,2,47.34,94.68
Boleta-BO01-590,488,3,17.22,51.66
Boleta-BO01-590,434,1,55.83,55.83
Boleta-BO01-590,833,3,23.8,71.4
Boleta-BO01-590,446,4,3.88,15.52
Boleta-BO01-591,475,2,10.21,20.42
Boleta-BO01-591,732,2,112.59,225.18
Boleta-BO01-591,541,5,22.87,114.35
Boleta-BO01-592,448,1,15.75,15.75
Boleta-BO01-592,491,3,32.23,96.69
Boleta-BO01-592,131,3,24.03,72.09
Boleta-BO01-592,539,4,18.69,74.76
Boleta-BO01-593,565,1,111.05,111.05
Boleta-BO01-594,523,4,26.18,104.72
Boleta-BO01-595,677,5,65.15,325.75
Boleta-BO01-595,364,3,16.68,50.04
Boleta-BO01-595,790,5,47.16,235.8
Boleta-BO01-595,761,4,19.18,76.72
Boleta-BO01-596,864,4,104.01,416.04
Boleta-BO01-596,427,3,27.66,82.98
Boleta-BO01-597,776,4,67.08,268.32
Boleta-BO01-597,272,3,34.43,103.29
Boleta-BO01-597,895,2,50.17,100.34
Boleta-BO01-597,81,5,182.05,910.25
Boleta-BO01-598,445,5,12.18,60.9
Boleta-BO01-599,120,1,26.94,26.94
Boleta-BO01-599,490,4,87.18,348.72
Boleta-BO01-599,892,5,71.79,358.95
Boleta-BO01-599,312,5,39.2,196.0
Boleta-BO01-600,708,4,63.64,254.56
Boleta-BO01-600,90,2,32.82,65.64
Boleta-BO01-600,197,1,45.72,45.72
Boleta-BO01-601,880,1,41.44,41.44
Boleta-BO01-601,665,2,24.88,49.76
Factura-FA01-433,863,5,105.02,525.1
Factura-FA01-433,309,4,36.18,144.72
Factura-FA01-433,434,1,46.91,46.91
Factura-FA01-433,928,2,18.28,36.56
Boleta-BO01-602,497,4,17.07,68.28
Boleta-BO01-602,461,5,7.53,37.65
Boleta-BO01-602,302,5,41.4,207.0
Boleta-BO01-602,403,1,27.62,27.62
Factura-FA01-434,646,4,38.29,153.16
Boleta-BO01-603,755,5,48.0,240.0
Boleta-BO01-603,568,3,81.19,243.57
Boleta-BO01-603,410,4,115.93,463.72
Boleta-BO01-603,745,5,69.34,346.7
Factura-FA01-435,238,1,65.71,65.71
Factura-FA01-435,434,5,49.69,248.45
Factura-FA01-435,66,3,41.86,125.58
Factura-FA01-435,430,4,38.73,154.92
Boleta-BO01-604,460,4,12.39,49.56
Boleta-BO01-604,295,2,22.2,44.4
Boleta-BO01-604,450,2,4.99,9.98
Factura-FA01-436,617,4,4.48,17.92
Factura-FA01-436,301,4,16.27,65.08
Factura-FA01-436,856,3,67.03,201.09
Boleta-BO01-605,637,2,97.72,195.44
Boleta-BO01-605,769,1,76.46,76.46
Boleta-BO01-606,178,2,13.19,26.38
Boleta-BO01-606,505,1,75.37,75.37
Boleta-BO01-607,311,2,13.46,26.92
Boleta-BO01-607,49,1,131.56,131.56
Boleta-BO01-607,269,3,20.92,62.76
Boleta-BO01-607,180,5,7.36,36.8
Boleta-BO01-608,346,4,35.46,141.84
Boleta-BO01-609,124,5,28.4,142.0
Boleta-BO01-609,266,3,28.37,85.11
Boleta-BO01-610,789,5,29.7,148.5
Boleta-BO01-611,874,5,84.61,423.05
Boleta-BO01-611,107,1,36.29,36.29
Boleta-BO01-612,819,4,114.63,458.52
Boleta-BO01-612,774,1,94.01,94.01
Boleta-BO01-612,802,5,86.39,431.95
Boleta-BO01-612,882,1,47.42,47.42
Boleta-BO01-613,520,1,80.44,80.44
Boleta-BO01-614,892,2,75.13,150.26
Factura-FA01-437,746,3,118.25,354.75
Factura-FA01-437,782,5,89.96,449.8
Boleta-BO01-615,158,3,21.75,65.25
Factura-FA01-438,126,2,11.63,23.26
Factura-FA01-438,427,1,27.12,27.12
Boleta-BO01-616,350,3,22.21,66.63
Boleta-BO01-616,88,3,18.23,54.69
Boleta-BO01-616,775,4,46.95,187.8
Boleta-BO01-616,683,2,51.26,102.52
Boleta-BO01-617,807,2,26.97,53.94
Boleta-BO01-617,440,4,18.39,73.56
Boleta-BO01-617,922,4,16.79,67.16
Boleta-BO01-617,530,3,15.28,45.84
Boleta-BO01-618,150,1,8.27,8.27
Boleta-BO01-618,531,1,65.24,65.24
Boleta-BO01-618,324,4,19.74,78.96
Boleta-BO01-618,170,4,17.9,71.6
Boleta-BO01-619,677,2,66.59,133.18
Boleta-BO01-620,647,5,99.98,499.9
Factura-FA01-439,412,5,63.19,315.95
Factura-FA01-439,740,3,37.27,111.81
Factura-FA01-439,9,3,122.58,367.74
Factura-FA01-439,628,2,3.93,7.86
Factura-FA01-440,660,2,56.04,112.08
Factura-FA01-440,640,5,82.65,413.25
Factura-FA01-440,717,3,114.38,343.14
Factura-FA01-440,804,4,114.53,458.12
Boleta-BO01-621,87,1,28.12,28.12
Boleta-BO01-621,401,2,123.22,246.44
Boleta-BO01-621,556,3,15.59,46.77
Boleta-BO01-622,534,3,14.27,42.81
Boleta-BO01-622,164,1,20.49,20.49
Boleta-BO01-622,818,5,87.47,437.35
Boleta-BO01-623,853,3,65.36,196.08
Boleta-BO01-623,518,1,69.54,69.54
Factura-FA01-441,266,5,25.35,126.75
Factura-FA01-441,49,1,134.84,134.84
Factura-FA01-441,589,1,67.46,67.46
Factura-FA01-442,825,5,53.92,269.6
Factura-FA01-442,917,5,30.38,151.9
Boleta-BO01-624,359,3,28.56,85.68
Boleta-BO01-624,805,5,52.31,261.55
Boleta-BO01-625,533,2,19.53,39.06
Boleta-BO01-625,529,5,53.77,268.85
Boleta-BO01-625,800,3,44.29,132.87
Boleta-BO01-625,151,4,11.86,47.44
Boleta-BO01-626,95,1,18.49,18.49
Boleta-BO01-627,488,2,16.69,33.38
Boleta-BO01-627,379,5,93.95,469.75
Boleta-BO01-628,893,3,40.64,121.92
Boleta-BO01-628,652,4,84.32,337.28
Boleta-BO01-628,707,4,95.02,380.08
Boleta-BO01-628,427,2,26.34,52.68
Boleta-BO01-629,497,4,17.64,70.56
Boleta-BO01-629,723,5,55.56,277.8
Boleta-BO01-630,712,2,97.96,195.92
Boleta-BO01-631,765,2,117.22,234.44
Factura-FA01-443,122,5,28.24,141.2
Factura-FA01-443,113,1,26.68,26.68
Factura-FA01-443,299,1,33.29,33.29
Factura-FA01-444,381,3,16.73,50.19
Boleta-BO01-632,302,4,33.26,133.04
Boleta-BO01-632,147,2,39.52,79.04
Boleta-BO01-632,434,1,58.35,58.35
Factura-FA01-445,911,3,72.87,218.61
Factura-FA01-445,839,4,16.44,65.76
Factura-FA01-445,561,3,74.63,223.89
Factura-FA01-446,428,4,48.98,195.92
Boleta-BO01-633,922,3,16.11,48.33
Boleta-BO01-633,487,5,26.4,132.0
Boleta-BO01-633,142,5,30.73,153.65
Boleta-BO01-633,782,4,94.01,376.04
Factura-FA01-447,888,3,55.54,166.62
Factura-FA01-447,640,5,77.51,387.55
Boleta-BO01-634,922,4,14.34,57.36
Boleta-BO01-634,47,4,51.08,204.32
Boleta-BO01-635,887,2,40.43,80.86
Factura-FA01-448,575,1,78.72,78.72
Factura-FA01-448,88,2,21.16,42.32
Factura-FA01-448,556,5,18.03,90.15
Boleta-BO01-636,769,4,73.25,293.0
Boleta-BO01-636,20,1,142.56,142.56
Boleta-BO01-637,20,3,147.24,441.72
Boleta-BO01-637,253,5,36.45,182.25
Boleta-BO01-638,412,5,50.49,252.45
Boleta-BO01-638,884,1,29.16,29.16
Boleta-BO01-638,185,4,18.99,75.96
Boleta-BO01-639,392,3,77.59,232.77
Boleta-BO01-639,102,5,11.43,57.15
Boleta-BO01-639,149,2,12.94,25.88
Boleta-BO01-640,158,3,25.5,76.5
Boleta-BO01-641,61,5,96.2,481.0
Boleta-BO01-641,187,1,20.2,20.2
Factura-FA01-449,400,1,105.09,105.09
Factura-FA01-449,424,3,38.0,114.0
Factura-FA01-449,850,1,51.19,51.19
Factura-FA01-450,771,5,111.57,557.85
Factura-FA01-450,505,5,74.6,373.0
Boleta-BO01-642,118,3,24.95,74.85
Boleta-BO01-642,477,5,12.76,63.8
Boleta-BO01-642,498,1,79.21,79.21
Boleta-BO01-642,241,1,60.57,60.57
Boleta-BO01-643,253,5,38.5,192.5
Boleta-BO01-644,312,5,35.28,176.4
Boleta-BO01-644,86,5,175.27,876.35
Boleta-BO01-645,383,5,51.91,259.55
Boleta-BO01-645,802,2,84.78,169.56
Boleta-BO01-646,569,4,53.1,212.4
Boleta-BO01-646,834,4,116.41,465.64
Boleta-BO01-646,637,3,107.97,323.91
Boleta-BO01-646,172,1,15.65,15.65
Factura-FA01-451,280,5,10.78,53.9
Factura-FA01-451,698,4,112.91,451.64
Factura-FA01-451,865,2,64.92,129.84
Factura-FA01-451,524,3,18.92,56.76
Factura-FA01-452,308,1,23.67,23.67
Factura-FA01-453,851,2,91.19,182.38
Boleta-BO01-647,900,4,90.54,362.16
Boleta-BO01-647,517,3,21.78,65.34
Boleta-BO01-647,351,3,37.61,112.83
Boleta-BO01-648,280,2,12.05,24.1
Boleta-BO01-648,331,3,24.93,74.79
Boleta-BO01-648,616,3,6.44,19.32
Boleta-BO01-648,712,2,103.01,206.02
Boleta-BO01-649,624,4,10.13,40.52
Factura-FA01-454,689,2,40.87,81.74
Boleta-BO01-650,781,4,51.58,206.32
Boleta-BO01-650,808,1,52.27,52.27
Boleta-BO01-650,916,4,28.18,112.72
Boleta-BO01-650,362,4,42.5,170.0
Boleta-BO01-651,397,2,44.7,89.4
Boleta-BO01-651,833,1,20.79,20.79
Boleta-BO01-651,380,2,121.02,242.04
Boleta-BO01-652,761,1,22.42,22.42
Boleta-BO01-652,697,3,94.06,282.18
Factura-FA01-455,828,2,34.83,69.66
Factura-FA01-455,506,3,21.09,63.27
Factura-FA01-455,505,5,64.48,322.4
Factura-FA01-456,841,4,85.56,342.24
Factura-FA01-456,285,5,8.1,40.5
Factura-FA01-457,566,2,16.72,33.44
Factura-FA01-457,581,5,18.42,92.1
Boleta-BO01-653,603,2,55.08,110.16
Boleta-BO01-654,266,5,28.87,144.35
Boleta-BO01-654,904,5,93.47,467.35
Factura-FA01-458,197,1,47.7,47.7
Factura-FA01-458,711,5,50.59,252.95
Factura-FA01-458,699,5,24.88,124.4
Boleta-BO01-655,438,1,17.04,17.04
Boleta-BO01-656,443,4,9.04,36.16
Boleta-BO01-656,698,5,98.76,493.8
Boleta-BO01-656,371,5,44.56,222.8
Factura-FA01-459,49,3,151.96,455.88
Factura-FA01-459,547,4,33.58,134.32
Boleta-BO01-657,200,3,10.17,30.51
Boleta-BO01-657,587,1,69.35,69.35
Boleta-BO01-657,233,4,18.85,75.4
Boleta-BO01-657,258,2,53.69,107.38
Boleta-BO01-658,65,1,146.23,146.23
Boleta-BO01-658,444,1,11.99,11.99
Boleta-BO01-658,644,3,111.36,334.08
Boleta-BO01-659,111,4,14.64,58.56
Boleta-BO01-659,350,1,24.09,24.09
Boleta-BO01-660,75,5,186.76,933.8
Boleta-BO01-660,784,1,34.23,34.23
Boleta-BO01-661,88,1,20.97,20.97
Boleta-BO01-662,321,1,25.34,25.34
Boleta-BO01-662,64,4,90.62,362.48
Boleta-BO01-662,628,4,3.3,13.2
Boleta-BO01-662,697,1,104.11,104.11
Boleta-BO01-663,871,4,96.54,386.16
Boleta-BO01-663,633,4,4.97,19.88
Boleta-BO01-663,614,5,17.41,87.05
Factura-FA01-460,476,4,14.42,57.68
Factura-FA01-460,636,1,95.5,95.5
Factura-FA01-460,694,1,54.24,54.24
Factura-FA01-460,337,5,34.04,170.2
Boleta-BO01-664,13,5,110.31,551.55
Factura-FA01-461,927,5,21.46,107.3
Factura-FA01-461,522,3,41.39,124.17
Boleta-BO01-665,743,5,92.82,464.1
Boleta-BO01-665,249,2,67.41,134.82
Boleta-BO01-665,62,2,151.64,303.28
Boleta-BO01-665,449,5,6.33,31.65
Factura-FA01-462,319,5,30.48,152.4
Factura-FA01-462,796,2,75.16,150.32
Factura-FA01-462,317,5,14.26,71.3
Boleta-BO01-666,9,5,113.31,566.55
Boleta-BO01-666,696,2,59.56,119.12
Boleta-BO01-666,521,5,43.8,219.0
Boleta-BO01-667,353,2,34.37,68.74
Boleta-BO01-667,657,2,100.45,200.9
Boleta-BO01-667,350,2,23.18,46.36
Boleta-BO01-667,715,4,114.54,458.16
Factura-FA01-463,873,5,41.98,209.9
Factura-FA01-463,344,5,22.8,114.0
Factura-FA01-463,337,2,33.17,66.34
Boleta-BO01-668,508,2,21.93,43.86
Boleta-BO01-669,710,2,17.04,34.08
Boleta-BO01-669,219,2,50.63,101.26
Factura-FA01-464,827,4,31.26,125.04
Factura-FA01-464,189,1,35.81,35.81
Factura-FA01-464,76,3,81.17,243.51
Boleta-BO01-670,146,3,27.96,83.88
Boleta-BO01-671,45,1,24.49,24.49
Boleta-BO01-671,292,2,6.4,12.8
Boleta-BO01-671,270,2,23.56,47.12
Boleta-BO01-672,183,2,26.7,53.4
Boleta-BO01-672,865,3,70.43,211.29
Factura-FA01-465,852,2,38.66,77.32
Boleta-BO01-673,347,2,37.66,75.32
Boleta-BO01-674,379,3,100.59,301.77
Boleta-BO01-674,541,5,28.34,141.7
Boleta-BO01-675,122,2,28.45,56.9
Factura-FA01-466,814,2,43.6,87.2
Factura-FA01-466,388,3,103.57,310.71
Factura-FA01-467,652,2,82.82,165.64
Factura-FA01-467,783,5,69.56,347.8
Factura-FA01-467,877,5,24.36,121.8
Factura-FA01-467,153,3,9.72,29.16
Boleta-BO01-676,894,2,130.62,261.24
Boleta-BO01-676,599,4,40.14,160.56
Boleta-BO01-676,84,4,233.91,935.64
Factura-FA01-468,172,5,17.2,86.0
Boleta-BO01-677,511,5,85.4,427.0
Boleta-BO01-677,330,3,32.51,97.53
Boleta-BO01-677,496,4,50.08,200.32
Boleta-BO01-678,654,5,31.09,155.45
Boleta-BO01-678,213,2,46.65,93.3
Boleta-BO01-678,464,2,4.97,9.94
Boleta-BO01-678,315,4,26.85,107.4
Boleta-BO01-679,863,3,106.96,320.88
Boleta-BO01-679,87,2,29.71,59.42
Factura-FA01-469,456,5,6.58,32.9
Factura-FA01-469,599,1,43.11,43.11
Factura-FA01-469,639,3,98.95,296.85
Factura-FA01-470,443,4,9.28,37.12
Factura-FA01-470,511,3,81.0,243.0
Factura-FA01-470,26,2,97.73,195.46
Factura-FA01-470,273,1,24.82,24.82
Boleta-BO01-680,302,5,38.18,190.9
Boleta-BO01-681,805,3,55.7,167.1
Boleta-BO01-682,122,1,24.85,24.85
Boleta-BO01-683,342,2,24.92,49.84
Boleta-BO01-683,257,3,50.84,152.52
Boleta-BO01-684,196,5,12.98,64.9
Boleta-BO01-684,877,5,28.6,143.0
Boleta-BO01-684,9,3,104.32,312.96
Boleta-BO01-685,802,4,93.92,375.68
Boleta-BO01-685,843,5,58.31,291.55
Boleta-BO01-685,13,4,108.66,434.64
Boleta-BO01-686,887,4,35.53,142.12
Boleta-BO01-686,741,2,95.49,190.98
Factura-FA01-471,740,4,32.17,128.68
Factura-FA01-471,88,3,20.61,61.83
Factura-FA01-471,441,4,11.71,46.84
Factura-FA01-471,463,5,15.26,76.3
Boleta-BO01-687,592,2,86.57,173.14
Boleta-BO01-687,757,1,20.89,20.89
Boleta-BO01-688,348,2,21.03,42.06
Boleta-BO01-688,704,4,112.92,451.68
Boleta-BO01-688,710,5,16.27,81.35
Boleta-BO01-689,582,1,41.8,41.8
Factura-FA01-472,339,5,31.94,159.7
Factura-FA01-472,619,5,5.32,26.6
Boleta-BO01-690,391,2,132.93,265.86
Boleta-BO01-690,66,5,36.74,183.7
Boleta-BO01-690,489,1,72.78,72.78
Boleta-BO01-690,465,3,15.61,46.83
Boleta-BO01-691,692,5,85.4,427.0
Boleta-BO01-692,28,2,81.56,163.12
Boleta-BO01-692,397,3,37.78,113.34
Boleta-BO01-692,300,5,21.58,107.9
Boleta-BO01-692,60,3,27.84,83.52
Boleta-BO01-693,335,4,33.28,133.12
Boleta-BO01-693,114,2,13.75,27.5
Boleta-BO01-694,761,1,20.35,20.35
Boleta-BO01-694,927,2,21.48,42.96
Boleta-BO01-694,211,3,47.97,143.91
Boleta-BO01-694,728,4,62.31,249.24
Boleta-BO01-695,602,2,20.86,41.72
Boleta-BO01-695,703,4,105.03,420.12
Boleta-BO01-695,8,2,65.96,131.92
Boleta-BO01-696,620,2,8.55,17.1
Boleta-BO01-696,583,4,70.12,280.48
Boleta-BO01-696,591,1,82.15,82.15
Boleta-BO01-696,295,4,21.47,85.88
Boleta-BO01-697,401,5,133.12,665.6
Boleta-BO01-697,872,2,28.87,57.74
Boleta-BO01-697,184,5,12.7,63.5
Boleta-BO01-698,394,2,130.59,261.18
Boleta-BO01-698,98,4,34.34,137.36
Boleta-BO01-698,45,2,29.36,58.72
Boleta-BO01-698,164,3,25.84,77.52
Boleta-BO01-699,683,1,59.49,59.49
Boleta-BO01-699,741,2,106.63,213.26
Boleta-BO01-699,422,5,29.05,145.25
Boleta-BO01-700,79,1,125.1,125.1
Boleta-BO01-700,800,3,43.76,131.28
Boleta-BO01-700,170,3,18.68,56.04
Factura-FA01-473,474,1,9.8,9.8
Boleta-BO01-701,391,3,126.51,379.53
Boleta-BO01-701,878,2,100.95,201.9
Boleta-BO01-701,11,3,81.26,243.78
Boleta-BO01-701,141,3,23.19,69.57
Factura-FA01-474,497,4,17.32,69.28
Factura-FA01-474,563,2,23.4,46.8
Factura-FA01-474,449,2,5.6,11.2
Factura-FA01-474,286,2,40.02,80.04
Boleta-BO01-702,622,1,9.71,9.71
Factura-FA01-475,548,4,25.73,102.92
Factura-FA01-476,694,3,49.84,149.52
Boleta-BO01-703,183,2,32.35,64.7
Boleta-BO01-703,916,5,24.9,124.5
Boleta-BO01-703,715,1,121.58,121.58
Boleta-BO01-704,400,3,108.74,326.22
Factura-FA01-477,50,4,71.39,285.56
Boleta-BO01-705,384,2,51.74,103.48
Boleta-BO01-705,17,4,129.81,519.24
Factura-FA01-478,346,2,41.42,82.84
Boleta-BO01-706,226,1,2.43,2.43
Factura-FA01-479,742,2,58.75,117.5
Factura-FA01-479,525,1,84.73,84.73
Boleta-BO01-707,576,2,59.51,119.02
Boleta-BO01-707,555,4,31.5,126.0
Boleta-BO01-707,124,2,28.32,56.64
Factura-FA01-480,332,2,11.15,22.3
Factura-FA01-480,671,3,73.51,220.53
Factura-FA01-480,218,4,51.07,204.28
Boleta-BO01-708,666,5,19.8,99.0
Boleta-BO01-708,69,2,42.12,84.24
Boleta-BO01-708,788,5,69.88,349.4
Factura-FA01-481,730,5,55.7,278.5
Factura-FA01-482,258,1,60.54,60.54
Factura-FA01-482,648,4,49.7,198.8
Factura-FA01-483,341,2,45.79,91.58
Factura-FA01-483,907,3,70.02,210.06
Boleta-BO01-709,70,3,155.91,467.73
Boleta-BO01-709,601,4,49.1,196.4
Boleta-BO01-709,658,2,37.62,75.24
Boleta-BO01-709,725,1,30.33,30.33
Factura-FA01-484,317,2,15.82,31.64
Boleta-BO01-710,635,1,66.45,66.45
Boleta-BO01-710,384,4,53.19,212.76
Boleta-BO01-711,385,2,28.38,56.76
Boleta-BO01-711,244,5,26.75,133.75
Boleta-BO01-712,757,3,18.86,56.58
Boleta-BO01-712,326,1,25.97,25.97
Boleta-BO01-712,426,3,36.49,109.47
Boleta-BO01-712,235,3,25.71,77.13
Boleta-BO01-713,553,1,37.83,37.83
Boleta-BO01-713,682,2,21.36,42.72
Boleta-BO01-714,623,4,9.13,36.52
Boleta-BO01-714,188,4,34.02,136.08
Boleta-BO01-715,891,4,18.23,72.92
Boleta-BO01-716,54,2,162.47,324.94
Boleta-BO01-716,130,1,18.36,18.36
Boleta-BO01-717,242,5,59.88,299.4
Boleta-BO01-717,744,4,90.02,360.08
Boleta-BO01-718,251,4,38.94,155.76
Boleta-BO01-718,256,3,25.92,77.76
Factura-FA01-485,651,2,99.87,199.74
Factura-FA01-485,802,4,74.54,298.16
Factura-FA01-485,369,4,5.69,22.76
Factura-FA01-485,484,4,79.3,317.2
Boleta-BO01-719,779,2,28.08,56.16
Boleta-BO01-719,814,4,41.42,165.68
Boleta-BO01-719,391,4,129.93,519.72
Boleta-BO01-719,780,3,112.19,336.57
Factura-FA01-486,567,2,79.35,158.7
Factura-FA01-486,475,3,9.7,29.1
Factura-FA01-487,576,5,57.31,286.55
Factura-FA01-487,342,2,25.17,50.34
Factura-FA01-487,201,2,8.48,16.96
Factura-FA01-487,5,1,145.93,145.93
Boleta-BO01-720,504,4,49.76,199.04
Boleta-BO01-720,405,3,50.92,152.76
Boleta-BO01-720,316,5,33.19,165.95
Boleta-BO01-721,128,4,16.29,65.16
Boleta-BO01-722,199,4,18.65,74.6
Boleta-BO01-722,791,3,44.81,134.43
Boleta-BO01-723,651,3,111.91,335.73
Boleta-BO01-723,668,4,88.96,355.84
Boleta-BO01-723,756,2,40.83,81.66
Boleta-BO01-723,36,3,136.33,408.99
Factura-FA01-488,715,2,104.47,208.94
Factura-FA01-489,698,2,93.12,186.24
Factura-FA01-489,617,5,5.56,27.8
Factura-FA01-489,864,2,102.97,205.94
Factura-FA01-489,792,1,60.15,60.15
Boleta-BO01-724,408,5,70.36,351.8
Boleta-BO01-724,83,5,48.67,243.35
Boleta-BO01-724,900,4,89.36,357.44
Boleta-BO01-724,440,3,17.39,52.17
Boleta-BO01-725,601,3,53.85,161.55
Boleta-BO01-725,772,1,55.74,55.74
Boleta-BO01-725,587,3,66.47,199.41
Boleta-BO01-725,276,2,20.28,40.56
Boleta-BO01-726,716,3,21.06,63.18
Boleta-BO01-726,173,4,6.02,24.08
Boleta-BO01-726,72,4,145.05,580.2
Boleta-BO01-726,673,3,65.23,195.69
Boleta-BO01-727,181,3,27.24,81.72
Boleta-BO01-727,138,2,8.44,16.88
Factura-FA01-490,462,5,5.12,25.6
Boleta-BO01-728,206,1,47.58,47.58
Boleta-BO01-728,830,2,61.82,123.64
Boleta-BO01-729,452,5,15.73,78.65
Boleta-BO01-729,653,2,50.68,101.36
Boleta-BO01-729,88,4,16.98,67.92
Boleta-BO01-729,66,3,33.14,99.42
Boleta-BO01-730,490,4,86.76,347.04
Boleta-BO01-730,104,1,21.76,21.76
Boleta-BO01-731,682,5,21.29,106.45
Boleta-BO01-732,100,2,7.41,14.82
Factura-FA01-491,385,5,27.49,137.45
Boleta-BO01-733,498,4,86.77,347.08
Boleta-BO01-733,620,4,8.12,32.48
Boleta-BO01-733,701,3,22.03,66.09
Factura-FA01-492,370,4,28.55,114.2
Factura-FA01-492,59,3,48.8,146.4
Boleta-BO01-734,4,4,191.04,764.16
Factura-FA01-493,743,2,82.3,164.6
Factura-FA01-493,126,5,11.12,55.6
Factura-FA01-493,718,2,39.12,78.24
Factura-FA01-493,635,4,75.58,302.32
Factura-FA01-494,4,3,151.45,454.35
Factura-FA01-494,370,1,33.2,33.2
Factura-FA01-495,695,4,82.57,330.28
Factura-FA01-495,497,4,20.82,83.28
Factura-FA01-495,816,1,94.16,94.16
Factura-FA01-496,675,1,100.16,100.16
Factura-FA01-496,301,5,13.31,66.55
Factura-FA01-496,147,5,40.42,202.1
Factura-FA01-496,807,5,26.12,130.6
Factura-FA01-497,816,1,92.93,92.93
Factura-FA01-497,690,5,55.88,279.4
Factura-FA01-497,479,2,16.95,33.9
Factura-FA01-497,119,4,21.52,86.08
Factura-FA01-498,250,2,16.77,33.54
Factura-FA01-498,677,1,53.81,53.81
Boleta-BO01-735,165,3,22.14,66.42
Boleta-BO01-736,226,3,2.35,7.05
Boleta-BO01-736,921,1,10.29,10.29
Boleta-BO01-736,549,4,65.46,261.84
Boleta-BO01-737,893,2,44.33,88.66
Boleta-BO01-737,785,5,36.25,181.25
Boleta-BO01-737,352,4,22.43,89.72
Boleta-BO01-738,670,5,48.99,244.95
Boleta-BO01-738,448,2,13.16,26.32
Boleta-BO01-738,119,3,18.36,55.08
Boleta-BO01-738,92,3,33.17,99.51
Factura-FA01-499,763,1,23.5,23.5
Factura-FA01-499,131,3,24.69,74.07
Boleta-BO01-739,319,1,28.31,28.31
Factura-FA01-500,868,4,79.39,317.56
Factura-FA01-500,328,3,17.83,53.49
Boleta-BO01-740,533,5,22.35,111.75
Boleta-BO01-740,110,4,26.79,107.16
Boleta-BO01-741,324,2,18.96,37.92
Boleta-BO01-741,304,2,13.23,26.46
Boleta-BO01-741,469,2,17.98,35.96
Boleta-BO01-741,150,1,8.02,8.02
Boleta-BO01-742,515,1,80.94,80.94
Boleta-BO01-742,870,5,100.19,500.95
Boleta-BO01-742,850,2,58.06,116.12
Boleta-BO01-743,61,3,77.73,233.19
Boleta-BO01-743,735,2,33.19,66.38
Boleta-BO01-743,832,2,31.02,62.04
Boleta-BO01-743,54,2,159.31,318.62
Boleta-BO01-744,307,2,47.18,94.36
Boleta-BO01-744,563,4,21.18,84.72
Boleta-BO01-744,697,4,115.9,463.6
Boleta-BO01-744,779,4,25.12,100.48
Boleta-BO01-745,290,2,27.53,55.06
Boleta-BO01-745,563,4,19.76,79.04
Boleta-BO01-745,333,5,39.05,195.25
Boleta-BO01-746,871,3,98.01,294.03
Factura-FA01-501,592,2,89.89,179.78
Factura-FA01-501,495,3,39.53,118.59
Boleta-BO01-747,224,2,5.23,10.46
Boleta-BO01-747,10,3,30.09,90.27
Boleta-BO01-748,695,2,85.96,171.92
Boleta-BO01-749,696,2,75.2,150.4
Boleta-BO01-749,99,3,35.96,107.88
Boleta-BO01-749,185,1,19.53,19.53
Boleta-BO01-749,530,3,14.01,42.03
Boleta-BO01-750,643,4,104.91,419.64
Boleta-BO01-750,122,2,25.1,50.2
Factura-FA01-502,705,5,84.6,423.0
Factura-FA01-502,669,4,92.08,368.32
Factura-FA01-502,817,1,107.81,107.81
Boleta-BO01-751,282,4,40.47,161.88
Boleta-BO01-751,123,1,18.4,18.4
Boleta-BO01-751,503,5,79.49,397.45
Boleta-BO01-751,604,5,83.46,417.3
Boleta-BO01-752,281,1,28.12,28.12
Boleta-BO01-752,186,4,19.28,77.12
Boleta-BO01-752,663,4,91.38,365.52
Boleta-BO01-752,129,1,22.58,22.58
Factura-FA01-503,416,1,79.11,79.11
Factura-FA01-503,839,5,20.39,101.95
Boleta-BO01-753,66,5,41.3,206.5
Boleta-BO01-753,553,1,36.43,36.43
Boleta-BO01-753,214,1,51.71,51.71
Boleta-BO01-753,617,2,4.31,8.62
Boleta-BO01-754,820,3,83.26,249.78
Boleta-BO01-754,132,5,17.09,85.45
Boleta-BO01-754,167,1,10.77,10.77
Boleta-BO01-754,875,1,94.96,94.96
Boleta-BO01-755,519,3,52.48,157.44
Boleta-BO01-756,434,1,48.75,48.75
Boleta-BO01-756,48,5,175.13,875.65
Boleta-BO01-757,675,5,92.89,464.45
Boleta-BO01-757,591,4,81.28,325.12
Boleta-BO01-757,536,3,18.06,54.18
Factura-FA01-504,705,1,78.72,78.72
Factura-FA01-504,46,2,46.76,93.52
Factura-FA01-505,307,2,46.8,93.6
Factura-FA01-505,618,5,2.58,12.9
Boleta-BO01-758,285,2,8.59,17.18
Boleta-BO01-758,434,1,52.95,52.95
Boleta-BO01-758,267,4,27.97,111.88
Boleta-BO01-759,410,4,102.68,410.72
Boleta-BO01-759,261,4,27.71,110.84
Factura-FA01-506,549,2,65.07,130.14
Factura-FA01-506,752,3,34.93,104.79
Boleta-BO01-760,732,3,102.71,308.13
Boleta-BO01-760,664,5,76.68,383.4
Boleta-BO01-761,842,2,27.35,54.7
Boleta-BO01-761,807,4,28.89,115.56
Boleta-BO01-761,619,2,4.63,9.26
Boleta-BO01-761,128,5,13.09,65.45
Boleta-BO01-762,68,3,155.11,465.33
Boleta-BO01-762,373,3,110.74,332.22
Boleta-BO01-762,151,2,10.25,20.5
Boleta-BO01-762,102,4,14.14,56.56
Boleta-BO01-763,388,1,117.06,117.06
Boleta-BO01-763,127,2,27.52,55.04
Boleta-BO01-764,603,4,46.11,184.44
Boleta-BO01-764,358,5,35.23,176.15
Boleta-BO01-764,566,3,16.49,49.47
Boleta-BO01-765,175,3,7.02,21.06
Boleta-BO01-766,186,3,20.95,62.85
Boleta-BO01-766,696,5,68.46,342.3
Boleta-BO01-766,906,4,88.54,354.16
Boleta-BO01-766,131,3,19.14,57.42
Factura-FA01-507,674,2,39.52,79.04
Factura-FA01-507,582,3,33.09,99.27
Boleta-BO01-767,725,2,34.21,68.42
Boleta-BO01-767,429,4,17.67,70.68
Boleta-BO01-767,363,4,18.97,75.88
Boleta-BO01-768,439,5,13.88,69.4
Boleta-BO01-768,904,2,83.52,167.04
Boleta-BO01-768,880,1,50.29,50.29
Boleta-BO01-769,790,3,59.14,177.42
Boleta-BO01-769,650,1,13.88,13.88
Boleta-BO01-769,246,1,48.15,48.15
Boleta-BO01-769,59,1,47.27,47.27
Boleta-BO01-770,828,1,42.1,42.1
Boleta-BO01-770,435,5,62.08,310.4
Boleta-BO01-770,140,4,8.44,33.76
Boleta-BO01-770,704,5,111.09,555.45
Factura-FA01-508,15,5,107.47,537.35
Factura-FA01-508,853,1,65.15,65.15
Factura-FA01-508,721,5,60.31,301.55
Factura-FA01-508,252,5,47.82,239.1
Boleta-BO01-771,622,4,11.94,47.76
Factura-FA01-509,180,1,8.12,8.12
Factura-FA01-509,137,5,12.29,61.45
Boleta-BO01-772,433,4,51.48,205.92
Factura-FA01-510,116,3,39.74,119.22
Factura-FA01-510,257,5,52.18,260.9
Factura-FA01-510,881,1,89.8,89.8
Factura-FA01-511,301,3,13.38,40.14
Factura-FA01-511,757,5,20.3,101.5
Factura-FA01-511,314,5,45.91,229.55
Factura-FA01-511,37,4,248.53,994.12
Boleta-BO01-773,59,3,38.54,115.62
Boleta-BO01-773,473,3,3.04,9.12
Boleta-BO01-773,111,1,15.1,15.1
Boleta-BO01-773,743,2,91.75,183.5
Boleta-BO01-774,104,4,24.59,98.36
Boleta-BO01-775,542,5,105.92,529.6
Factura-FA01-512,127,4,23.74,94.96
Factura-FA01-512,789,3,29.35,88.05
Factura-FA01-512,406,3,78.6,235.8
Factura-FA01-512,441,2,12.81,25.62
Boleta-BO01-776,112,4,34.95,139.8
Boleta-BO01-776,451,2,10.02,20.04
Boleta-BO01-776,768,4,55.21,220.84
Boleta-BO01-777,114,2,12.84,25.68
Boleta-BO01-777,138,4,8.3,33.2
Factura-FA01-513,923,1,62.38,62.38
Factura-FA01-513,204,4,25.58,102.32
Factura-FA01-513,274,1,19.93,19.93
Boleta-BO01-778,820,2,88.24,176.48
Boleta-BO01-778,783,4,68.01,272.04
Boleta-BO01-778,760,4,56.31,225.24
Boleta-BO01-778,111,1,14.17,14.17
Boleta-BO01-779,513,1,43.82,43.82
Boleta-BO01-779,243,1,50.11,50.11
Boleta-BO01-779,352,4,22.79,91.16
Factura-FA01-514,445,4,13.2,52.8
Boleta-BO01-780,85,4,141.03,564.12
Boleta-BO01-780,158,5,20.85,104.25
Boleta-BO01-780,290,1,28.67,28.67
Boleta-BO01-780,721,2,59.06,118.12
Boleta-BO01-781,204,4,24.04,96.16
Boleta-BO01-781,831,1,40.87,40.87
Boleta-BO01-781,516,5,72.03,360.15
Boleta-BO01-781,879,5,107.96,539.8
Boleta-BO01-782,235,1,24.2,24.2
Boleta-BO01-782,40,3,204.34,613.02
Boleta-BO01-783,437,1,53.6,53.6
Boleta-BO01-783,94,1,19.81,19.81
Boleta-BO01-784,717,2,95.97,191.94
Boleta-BO01-784,437,4,45.91,183.64
Boleta-BO01-784,439,1,11.77,11.77
Factura-FA01-515,373,3,115.27,345.81
Factura-FA01-515,730,4,48.2,192.8
Factura-FA01-515,919,1,32.79,32.79
Boleta-BO01-785,54,3,134.3,402.9
Boleta-BO01-786,287,5,25.53,127.65
Boleta-BO01-786,190,3,16.32,48.96
Boleta-BO01-786,375,3,20.29,60.87
Boleta-BO01-786,100,1,7.72,7.72
Factura-FA01-516,340,3,39.88,119.64
Factura-FA01-516,372,5,135.71,678.55
Boleta-BO01-787,244,3,21.84,65.52
Boleta-BO01-787,395,1,29.82,29.82
Boleta-BO01-787,134,5,13.86,69.3
Boleta-BO01-788,198,4,17.54,70.16
Boleta-BO01-788,77,5,112.71,563.55
Boleta-BO01-789,743,4,106.52,426.08
Boleta-BO01-789,207,5,47.01,235.05
Boleta-BO01-789,45,2,24.44,48.88
Boleta-BO01-790,913,5,80.67,403.35
Boleta-BO01-790,918,3,3.67,11.01
Boleta-BO01-790,735,1,33.7,33.7
Boleta-BO01-791,495,4,35.97,143.88
Factura-FA01-517,171,5,29.73,148.65
Boleta-BO01-792,297,1,42.56,42.56
Boleta-BO01-792,63,2,230.42,460.84
Boleta-BO01-793,507,5,48.73,243.65
Boleta-BO01-793,77,2,107.43,214.86
Boleta-BO01-793,524,4,21.88,87.52
Boleta-BO01-793,401,4,126.05,504.2
Factura-FA01-518,189,1,33.8,33.8
Factura-FA01-518,225,5,3.39,16.95
Boleta-BO01-794,516,5,73.66,368.3
Boleta-BO01-794,874,2,77.85,155.7
Boleta-BO01-794,275,5,9.77,48.85
Boleta-BO01-794,230,1,37.85,37.85
Factura-FA01-519,41,2,172.7,345.4
Factura-FA01-519,286,2,41.19,82.38
Factura-FA01-519,812,1,80.42,80.42
Boleta-BO01-795,844,2,32.34,64.68
Boleta-BO01-795,2,3,223.19,669.57
Boleta-BO01-796,333,1,39.82,39.82
Boleta-BO01-796,907,5,58.19,290.95
Boleta-BO01-796,137,4,14.15,56.6
Boleta-BO01-797,333,1,36.78,36.78
Boleta-BO01-797,11,3,83.79,251.37
Boleta-BO01-797,288,2,12.2,24.4
Boleta-BO01-798,551,5,11.98,59.9
Factura-FA01-520,670,3,47.87,143.61
Factura-FA01-520,650,5,15.86,79.3
Factura-FA01-520,839,4,17.55,70.2
Factura-FA01-520,276,2,18.59,37.18
Boleta-BO01-799,160,4,8.05,32.2
Boleta-BO01-799,745,4,59.95,239.8
Boleta-BO01-799,926,4,37.7,150.8
Boleta-BO01-799,187,4,17.5,70.0
Boleta-BO01-800,194,5,35.68,178.4
Boleta-BO01-800,748,2,84.92,169.84
Boleta-BO01-801,318,2,17.14,34.28
Boleta-BO01-802,704,5,96.74,483.7
Boleta-BO01-802,147,1,36.01,36.01
Boleta-BO01-802,467,4,12.38,49.52
Boleta-BO01-802,542,2,101.53,203.06
Boleta-BO01-803,618,1,2.7,2.7
Factura-FA01-521,113,1,29.59,29.59
Factura-FA01-522,136,2,14.41,28.82
Boleta-BO01-804,147,5,31.97,159.85
Boleta-BO01-804,10,1,28.7,28.7
Boleta-BO01-804,840,3,55.09,165.27
Factura-FA01-523,208,2,31.17,62.34
Boleta-BO01-805,836,2,91.01,182.02
Boleta-BO01-805,491,2,33.14,66.28
Boleta-BO01-805,558,3,63.0,189.0
Boleta-BO01-805,127,1,29.7,29.7
Boleta-BO01-806,558,3,54.47,163.41
Factura-FA01-524,146,1,31.53,31.53
Factura-FA01-524,25,2,32.05,64.1
Factura-FA01-524,153,3,10.86,32.58
Factura-FA01-524,235,4,28.17,112.68
Boleta-BO01-807,504,2,50.53,101.06
Boleta-BO01-808,105,3,16.36,49.08
Boleta-BO01-808,632,3,9.32,27.96
Factura-FA01-525,918,1,3.82,3.82
Factura-FA01-526,439,5,11.87,59.35
Factura-FA01-526,186,4,17.56,70.24
Boleta-BO01-809,640,3,76.21,228.63
Boleta-BO01-809,107,3,36.2,108.6
Boleta-BO01-809,680,3,73.72,221.16
Boleta-BO01-810,808,1,56.73,56.73
Factura-FA01-527,797,2,20.86,41.72
Factura-FA01-527,400,4,116.9,467.6
Boleta-BO01-811,835,1,22.98,22.98
Boleta-BO01-811,438,3,14.09,42.27
Boleta-BO01-811,331,2,24.72,49.44
Boleta-BO01-811,396,3,63.88,191.64
Boleta-BO01-812,493,4,23.53,94.12
Boleta-BO01-812,653,3,51.57,154.71
Boleta-BO01-812,672,2,63.94,127.88
Boleta-BO01-812,564,4,59.47,237.88
Factura-FA01-528,546,5,26.15,130.75
Factura-FA01-528,394,1,126.7,126.7
Factura-FA01-528,433,5,54.29,271.45
Factura-FA01-528,714,2,107.9,215.8
Factura-FA01-529,371,1,38.39,38.39
Factura-FA01-529,873,1,39.74,39.74
Factura-FA01-530,137,1,11.29,11.29
Factura-FA01-530,359,3,33.12,99.36
Factura-FA01-530,890,2,16.83,33.66
Factura-FA01-530,149,5,15.59,77.95
Boleta-BO01-813,249,2,67.92,135.84
Boleta-BO01-813,58,2,195.62,391.24
Boleta-BO01-813,715,2,107.92,215.84
Boleta-BO01-813,27,4,63.12,252.48
Factura-FA01-531,679,5,76.43,382.15
Boleta-BO01-814,31,2,168.5,337.0
Boleta-BO01-814,82,2,167.7,335.4
Boleta-BO01-815,154,2,4.92,9.84
Boleta-BO01-815,144,5,12.26,61.3
Boleta-BO01-815,309,4,38.99,155.96
Boleta-BO01-815,349,4,26.98,107.92
Boleta-BO01-816,294,1,37.55,37.55
Boleta-BO01-817,619,2,5.22,10.44
Factura-FA01-532,406,4,87.02,348.08
Boleta-BO01-818,568,3,102.98,308.94
Boleta-BO01-818,514,3,49.19,147.57
Boleta-BO01-818,434,2,49.08,98.16
Boleta-BO01-818,95,5,18.25,91.25
Boleta-BO01-819,761,2,20.41,40.82
Boleta-BO01-819,58,2,211.6,423.2
Boleta-BO01-820,837,4,102.07,408.28
Boleta-BO01-821,848,4,29.49,117.96
Boleta-BO01-821,823,3,86.07,258.21
Boleta-BO01-821,200,3,10.25,30.75
Boleta-BO01-821,80,3,94.13,282.39
Boleta-BO01-822,29,2,166.4,332.8
Boleta-BO01-822,556,1,14.92,14.92
Boleta-BO01-822,614,1,21.39,21.39
Factura-FA01-533,193,5,26.62,133.1
Factura-FA01-533,34,2,36.68,73.36
Factura-FA01-533,586,5,91.82,459.1
Boleta-BO01-823,47,1,45.68,45.68
Boleta-BO01-823,318,1,17.53,17.53
Boleta-BO01-823,772,3,69.83,209.49
Boleta-BO01-823,515,2,81.88,163.76
Boleta-BO01-824,744,3,106.76,320.28
Boleta-BO01-824,720,1,66.87,66.87
Boleta-BO01-824,921,5,8.81,44.05
Boleta-BO01-824,829,2,99.97,199.94
Boleta-BO01-825,489,5,83.76,418.8
Boleta-BO01-825,39,3,140.23,420.69
Boleta-BO01-825,701,4,17.26,69.04
Boleta-BO01-825,643,1,126.15,126.15
Boleta-BO01-826,906,2,96.39,192.78
Boleta-BO01-826,670,2,46.7,93.4
Boleta-BO01-827,514,5,52.71,263.55
Boleta-BO01-827,625,5,8.69,43.45
Boleta-BO01-828,459,2,14.44,28.88
Boleta-BO01-828,369,5,6.44,32.2
Boleta-BO01-828,443,1,10.62,10.62
Factura-FA01-534,245,2,11.23,22.46
Factura-FA01-534,623,1,10.18,10.18
Factura-FA01-534,582,4,33.54,134.16
Factura-FA01-534,16,2,51.78,103.56
Factura-FA01-535,561,1,84.34,84.34
Factura-FA01-535,466,3,14.5,43.5
Factura-FA01-535,303,2,39.09,78.18
Boleta-BO01-829,362,1,34.62,34.62
Boleta-BO01-829,729,4,103.01,412.04
Boleta-BO01-829,486,3,89.24,267.72
Boleta-BO01-830,666,2,22.93,45.86
Boleta-BO01-830,583,4,62.17,248.68
Boleta-BO01-830,882,3,42.5,127.5
Boleta-BO01-830,880,5,49.92,249.6
Boleta-BO01-831,452,3,17.62,52.86
Boleta-BO01-831,641,3,79.71,239.13
Boleta-BO01-832,519,4,51.02,204.08
Boleta-BO01-832,898,1,106.43,106.43
Boleta-BO01-832,661,1,57.31,57.31
Boleta-BO01-832,251,5,37.02,185.1
Boleta-BO01-833,298,4,21.74,86.96
Boleta-BO01-834,875,1,98.9,98.9
Boleta-BO01-834,897,4,117.83,471.32
Boleta-BO01-834,358,4,31.83,127.32
Boleta-BO01-834,549,4,65.83,263.32
Boleta-BO01-835,750,1,117.52,117.52
Boleta-BO01-835,407,4,82.33,329.32
Factura-FA01-536,67,3,155.52,466.56
Factura-FA01-536,620,4,7.84,31.36
Factura-FA01-536,762,4,91.81,367.24
Factura-FA01-537,40,5,164.12,820.6
Factura-FA01-537,483,2,14.47,28.94
Factura-FA01-537,329,5,9.56,47.8
Factura-FA01-537,619,4,4.61,18.44
Boleta-BO01-836,809,4,131.49,525.96
Boleta-BO01-836,219,1,46.98,46.98
Boleta-BO01-836,24,4,108.88,435.52
Boleta-BO01-837,86,2,168.46,336.92
Boleta-BO01-837,416,1,77.04,77.04
Boleta-BO01-838,893,4,40.01,160.04
Boleta-BO01-838,686,3,42.72,128.16
Boleta-BO01-838,56,1,50.5,50.5
Boleta-BO01-838,440,3,18.59,55.77
Boleta-BO01-839,169,2,34.12,68.24
Boleta-BO01-839,431,4,34.01,136.04
Boleta-BO01-839,708,2,66.17,132.34
Boleta-BO01-840,364,5,15.82,79.1
Boleta-BO01-840,11,5,97.41,487.05
Boleta-BO01-840,614,2,17.77,35.54
Boleta-BO01-840,687,5,38.34,191.7
Boleta-BO01-841,681,3,74.03,222.09
Boleta-BO01-841,920,4,68.16,272.64
Boleta-BO01-841,512,3,13.05,39.15
Factura-FA01-538,270,5,26.07,130.35
Factura-FA01-538,463,2,18.07,36.14
Factura-FA01-538,657,5,83.32,416.6
Factura-FA01-538,224,2,4.82,9.64
Boleta-BO01-842,616,4,6.84,27.36
Boleta-BO01-842,215,2,33.57,67.14
Boleta-BO01-843,380,3,106.99,320.97
Boleta-BO01-844,515,1,90.72,90.72
Boleta-BO01-844,666,4,20.05,80.2
Boleta-BO01-844,361,3,42.2,126.6
